"site","lambda","likelihood","mean","stdev"
"2303Can","-0.14","17.2483448227876","0","0"
"2351Lak","0.0800000000000001","11.0118948070436","0","0"
