"ID_ENTITY","ID_SAMPLE","depth","est_age","sed_rate","quant","conc","influx","xst_level","conc_source","influx_source"
1604,311806,0.08,-9999,0.00160594198534578,2810,2810,2810,"concentration","data","copied from quant "
1604,311808,0.16,-36,0.0102888800949743,6641,6641,6641,"concentration","data","copied from quant "
1604,311821,0.68,109,0.121827411167513,2998,2998,2998,"concentration","data","copied from quant "
1604,311826,0.88,-9999,0.00156433320297223,5971,5971,5971,"concentration","data","copied from quant "
1604,311830,1.04,-9999,0.00155098875533153,6988,6988,6988,"concentration","data","copied from quant "
1604,311834,1.18,-9999,0.0015394977388627,18226,18226,18226,"concentration","data","copied from quant "
1604,311839,1.3,-9999,0.000766797661267134,18810,18810,18810,"concentration","data","copied from quant "
1604,311843,1.38,-9999,0.000763796066450258,16072,16072,16072,"concentration","data","copied from quant "
