"ID_ENTITY","ID_SAMPLE","depth","est_age","sed_rate","quant","conc","influx","xst_level","conc_source","influx_source"
794,128153,0.02,-38,0.159896840747905,21360,21360,3415.39651837524,"CONC","data","calculated from conc "
794,128154,2.5,1513,0.0906148867313916,54371,54371,4926.82200647249,"CONC","data","calculated from conc "
794,128155,3.48,2125,0.108108108108108,19128,19128,2067.89189189189,"CONC","data","calculated from conc "
794,128156,3.98,2438,0.0774818401937045,27133,27133,2102.31476997578,"CONC","data","calculated from conc "
794,128157,4.14,2538,0.228571428571429,13457,13457,3075.88571428572,"CONC","data","calculated from conc "
794,128158,4.54,2788,0.110236220472441,16863,16863,1858.91338582677,"CONC","data","calculated from conc "
794,128159,4.75,2919,0.284504657070279,0,0,0,"CONC","data","calculated from conc "
794,128160,6.43,3969,0.284504657070279,200,200,56.9009314140559,"CONC","data","calculated from conc "
